use HotelReservation;

Insert into Guests (GuestId, FirstName, LastName, Address, City, Phone)
Values 
('1', 'Bee', 'Lee', '123 Grove Street', 'Minneapolis', '6121234567'), 
('2', 'Mack', 'Simmer', '379 Old Shore Street', 'Council Bluffs', '2915530508'),
('3', 'Bettyann', 'Seery', '750 Wintergreen Dr.', 'Wasilla', '4782779632'),
('4', 'Duane', 'Cullison', '9662 Foxrun Lane', 'Harlingen', '3084940198'),
('5', 'Karie', 'Yang', '9378 W. Augusta Ave.', 'West Deptford', '2147300298'),
('6', 'Aurore', 'Lipton', '762 Wild Rose Street', 'Saginaw', '3775070974'),
('7', 'Zachery', 'Luechtefeld', '7 Poplar Dr.', 'Arvada', '8144852615'),
('8', 'Jeremiah', 'Pendergrass', '70 Oakwood St.', 'Zion', '2794910960'),
('9', 'Walter', 'Holaway', '7556 Arrowhead St.', 'Cumberland', '4463966785'),
('10', 'Wilfred', 'Vise', '77 West Surrey Street', 'Oswego', '8347271001'),
('11', 'Maritza', 'Tilton', '939 Linda Rd.', 'Burke', '4463516860'),
('12', 'Joleen', 'Tison', '87 Queen St.', 'Drexel Hill', '2318932755');

Insert into Reservations (ReservationId, GuestId, Adults, Kids, DateIn, DateOut)
-- need to remove roomid
Values 
('1','2','1','0','2023/2/2','2023/2/4'),
('2','3','2','1','2023/2/5','2023/2/10'),
('3','4','2','0','2023/2/22','2023/2/24'),
('4','5','2','2','2023/3/6','2023/3/7'),
('5','1','1','1','2023/3/17','2023/3/20'),
('6','6','3','0','2023/3/18','2023/3/23'),
('7','7','2','2','2023/3/29','2023/3/31'),
('8','8','2','0','2023/3/31','2023/4/5'),
('9','9','1','0','2023/4/9','2023/4/13'),
('10','10','1','1','2023/4/23','2023/4/24'),
('11','11','2','4','2023/5/30','2023/6/2'),
('12','12','2','0','2023/6/10','2023/6/14'),
('13','12','1','0','2023/6/10','2023/6/14'),
('14','6','3','0','2023/6/17','2023/6/18'),
('15','1','2','0','2023/6/28','2023/7/2'),
('16','9','3','1','2023/7/13','2023/7/14'),
('17','10','4','2','2023/7/18','2023/7/21'),
('18','3','2','1','2023/7/28','2023/7/29'),
('19','3','1','0','2023/8/30','2023/9/1'),
('20','2','2','0','2023/9/16','2023/9/17'),
('21','5','2','2','2023/9/13','2023/9/15'),
('22','4','2','2','2023/11/22','2023/11/25'),
('23','2','2','0','2023/11/22','2023/11/25'),
('24','2','2','2','2023/11/22','2023/11/25'),
('25','11','2','0','2023/12/24','2023/12/28');

Insert into RoomTypes (RoomTypeId, `Name`, StdOccupancy, MaxOccupancy, BasePrice, ExOccupancy)
Values 
('1', 'Single', '2', '2', '149.99', '0'),
('2', 'Double', '2', '4', '174.99', '10'),
('3', 'Suite', '3', '8', '399.99', '20');

Insert into Rooms (RoomId, RoomTypeId, AdaAccessible)
Values 
('201','2',b'0'),
('202','2',b'1'),
('203','2',b'0'),
('204','2',b'1'),
('205','1',b'0'),
('206','1',b'1'),
('207','1',b'0'),
('208','1',b'1'),
('301','2',b'0'),
('302','2',b'1'),
('303','2',b'0'),
('304','2',b'1'),
('305','1',b'0'),
('306','1',b'1'),
('307','1',b'0'),
('308','1',b'1'),
('401','3',b'1'),
('402','3',b'1');

Insert into ReservedRooms (ReservationId, RoomId)
Values 
('1','308'),
('2','203'),
('3','305'),
('4','201'),
('5','307'),
('6','302'),
('7','202'),
('8','304'),
('9','301'),
('10','207'),
('11','401'),
('12','206'),
('13','208'),
('14','304'),
('15','205'),
('16','204'),
('17','401'),
('18','303'),
('19','305'),
('20','208'),
('21','203'),
('22','401'),
('23','206'),
('24','301'),
('25','302');

Insert into Amenities (AmenitiesId, `Name`, Price)
Values 
('1', 'Microwave', '0' ),
('2', 'Refrigerator', '0'),
('3', 'Jacuzzi', '25'),
('4', 'Oven', '0');


Insert into RoomAmenities (RoomId, AmenitiesId)
Values 
('201','1'),
('201','3'),
('202','2'),
('203','1'),
('203','3'),
('204','2'),
('205','1'),
('205','2'),
('205','3'),
('206','1'),
('206','2'),
('207','1'),
('207','2'),
('207','3'),
('208','1'),
('208','2'),
('301','1'),
('301','3'),
('302','2'),
('303','1'),
('303','3'),
('304','2'),
('305','1'),
('305','2'),
('305','3'),
('306','1'),
('306','2'),
('307','1'),
('307','2'),
('307','3'),
('308','1'),
('308','2'),
('401','1'),
('401','2'),
('401','4'),
('402','1'),
('402','2'),
('402','4');


Delete RR
From ReservedRooms RR
Inner Join Reservations R ON RR.ReservationId = R.ReservationId
Inner Join Guests G ON R.GuestId = G.GuestId
Where G.GuestId = '8';

Delete R
From Reservations R 
Inner Join Guests G ON R.GuestId = G.GuestId
Where G.GuestId = '8';

Delete G 
From Guests G 
Where G.GuestId = '8';
